<?xml version="1.0" encoding="UTF-8"?>
<project-private xmlns="http://www.netbeans.org/ns/project-private/1">
    <editor-bookmarks xmlns="http://www.netbeans.org/ns/editor-bookmarks/2" lastBookmarkId="0"/>
    <open-files xmlns="http://www.netbeans.org/ns/projectui-open-files/2">
        <group>
            <file>file:/C:/Users/Anderson/Desktop/trabajo/t1_20_01/Proyecto_Modificar_Interfaz%20(1)/ProjectoFinalI/ProjectoFinalI/src/Interfaces/Administrador.java</file>
            <file>file:/C:/Users/Anderson/Desktop/trabajo/t1_20_01/Proyecto_Modificar_Interfaz%20(1)/ProjectoFinalI/ProjectoFinalI/src/Interfaces/MenuPrincipal.java</file>
            <file>file:/C:/Users/Anderson/Desktop/trabajo/t1_20_01/Proyecto_Modificar_Interfaz%20(1)/ProjectoFinalI/ProjectoFinalI/src/Interfaces/InformacionUsuario.java</file>
        </group>
    </open-files>
</project-private>
